gdb_idx,property_0,property_1,property_2,property_3,property_4,property_5,property_6,property_7,property_8,property_9,property_10,property_11
2859833,1.0753589352445685,0.6177608086188475,1.2140273628859415,1.0043816269267305,-0.36462282102775423,1.0044247692373485,0.5325721708920303,1.0044130446999893,1.0044247692374058,1.3287351596135826,-1.6373879688134365,0.6127785490488273
